[{"created_at":"Sat Jan 21 09:52:18 +0000 2017","id":822743617756401664,"id_str":"822743617756401664","text":"Check out 'UpMobile HTML Mobile Template' on #EnvatoMarket by @SINDEVO #themeforest https:\/\/t.co\/W3OL2Juxbc","truncated":false,"entities":{"hashtags":[{"text":"EnvatoMarket","indices":[45,58]},{"text":"themeforest","indices":[71,83]}],"symbols":[],"user_mentions":[{"screen_name":"SINDEVO","name":"sindevo","id":3091164719,"id_str":"3091164719","indices":[62,70]}],"urls":[{"url":"https:\/\/t.co\/W3OL2Juxbc","expanded_url":"https:\/\/themeforest.net\/item\/upmobile-html-mobile-template\/19311698?utm_source=sharetw","display_url":"themeforest.net\/item\/upmobile-\u2026","indices":[84,107]}]},"source":"\u003ca href=\"http:\/\/twitter.com\" rel=\"nofollow\"\u003eTwitter Web Client\u003c\/a\u003e","in_reply_to_status_id":null,"in_reply_to_status_id_str":null,"in_reply_to_user_id":null,"in_reply_to_user_id_str":null,"in_reply_to_screen_name":null,"user":{"id":402624552,"id_str":"402624552","name":"SindevoThemes","screen_name":"SindevoThemes","location":"","description":"","url":"https:\/\/t.co\/TBV8qnVXLm","entities":{"url":{"urls":[{"url":"https:\/\/t.co\/TBV8qnVXLm","expanded_url":"http:\/\/themeforest.net\/user\/sindevothemes","display_url":"themeforest.net\/user\/sindevoth\u2026","indices":[0,23]}]},"description":{"urls":[]}},"protected":false,"followers_count":42,"friends_count":20,"listed_count":3,"created_at":"Tue Nov 01 10:40:37 +0000 2011","favourites_count":0,"utc_offset":7200,"time_zone":"Bucharest","geo_enabled":false,"verified":false,"statuses_count":35,"lang":"en","contributors_enabled":false,"is_translator":false,"is_translation_enabled":false,"profile_background_color":"000000","profile_background_image_url":"http:\/\/abs.twimg.com\/images\/themes\/theme1\/bg.png","profile_background_image_url_https":"https:\/\/abs.twimg.com\/images\/themes\/theme1\/bg.png","profile_background_tile":false,"profile_image_url":"http:\/\/pbs.twimg.com\/profile_images\/678915690095448064\/wIujut-T_normal.png","profile_image_url_https":"https:\/\/pbs.twimg.com\/profile_images\/678915690095448064\/wIujut-T_normal.png","profile_link_color":"89C9FA","profile_sidebar_border_color":"000000","profile_sidebar_fill_color":"000000","profile_text_color":"000000","profile_use_background_image":false,"has_extended_profile":false,"default_profile":false,"default_profile_image":false,"following":false,"follow_request_sent":false,"notifications":false,"translator_type":"none"},"geo":null,"coordinates":null,"place":null,"contributors":null,"is_quote_status":false,"retweet_count":0,"favorite_count":0,"favorited":false,"retweeted":false,"possibly_sensitive":false,"lang":"en"},{"created_at":"Tue Aug 30 10:44:26 +0000 2016","id":770572882183356416,"id_str":"770572882183356416","text":"@PerfectPicts Yes you can. Just contact us using the info from our company website https:\/\/t.co\/Vz5ve6WgQF","truncated":false,"entities":{"hashtags":[],"symbols":[],"user_mentions":[{"screen_name":"PerfectPicts","name":"PerfectPictures","id":2828872837,"id_str":"2828872837","indices":[0,13]}],"urls":[{"url":"https:\/\/t.co\/Vz5ve6WgQF","expanded_url":"http:\/\/sindevo.com","display_url":"sindevo.com","indices":[83,106]}]},"source":"\u003ca href=\"http:\/\/twitter.com\" rel=\"nofollow\"\u003eTwitter Web Client\u003c\/a\u003e","in_reply_to_status_id":726097467431903232,"in_reply_to_status_id_str":"726097467431903232","in_reply_to_user_id":2828872837,"in_reply_to_user_id_str":"2828872837","in_reply_to_screen_name":"PerfectPicts","user":{"id":402624552,"id_str":"402624552","name":"SindevoThemes","screen_name":"SindevoThemes","location":"","description":"","url":"https:\/\/t.co\/TBV8qnVXLm","entities":{"url":{"urls":[{"url":"https:\/\/t.co\/TBV8qnVXLm","expanded_url":"http:\/\/themeforest.net\/user\/sindevothemes","display_url":"themeforest.net\/user\/sindevoth\u2026","indices":[0,23]}]},"description":{"urls":[]}},"protected":false,"followers_count":42,"friends_count":20,"listed_count":3,"created_at":"Tue Nov 01 10:40:37 +0000 2011","favourites_count":0,"utc_offset":7200,"time_zone":"Bucharest","geo_enabled":false,"verified":false,"statuses_count":35,"lang":"en","contributors_enabled":false,"is_translator":false,"is_translation_enabled":false,"profile_background_color":"000000","profile_background_image_url":"http:\/\/abs.twimg.com\/images\/themes\/theme1\/bg.png","profile_background_image_url_https":"https:\/\/abs.twimg.com\/images\/themes\/theme1\/bg.png","profile_background_tile":false,"profile_image_url":"http:\/\/pbs.twimg.com\/profile_images\/678915690095448064\/wIujut-T_normal.png","profile_image_url_https":"https:\/\/pbs.twimg.com\/profile_images\/678915690095448064\/wIujut-T_normal.png","profile_link_color":"89C9FA","profile_sidebar_border_color":"000000","profile_sidebar_fill_color":"000000","profile_text_color":"000000","profile_use_background_image":false,"has_extended_profile":false,"default_profile":false,"default_profile_image":false,"following":false,"follow_request_sent":false,"notifications":false,"translator_type":"none"},"geo":null,"coordinates":null,"place":null,"contributors":null,"is_quote_status":false,"retweet_count":0,"favorite_count":0,"favorited":false,"retweeted":false,"possibly_sensitive":false,"lang":"en"},{"created_at":"Wed Feb 03 13:37:08 +0000 2016","id":694877278908649473,"id_str":"694877278908649473","text":"Since 2016 we are part of SINDEVO company. A great new year ahead with new themes and cool adventures.","truncated":false,"entities":{"hashtags":[],"symbols":[],"user_mentions":[],"urls":[]},"source":"\u003ca href=\"http:\/\/twitter.com\" rel=\"nofollow\"\u003eTwitter Web Client\u003c\/a\u003e","in_reply_to_status_id":null,"in_reply_to_status_id_str":null,"in_reply_to_user_id":null,"in_reply_to_user_id_str":null,"in_reply_to_screen_name":null,"user":{"id":402624552,"id_str":"402624552","name":"SindevoThemes","screen_name":"SindevoThemes","location":"","description":"","url":"https:\/\/t.co\/TBV8qnVXLm","entities":{"url":{"urls":[{"url":"https:\/\/t.co\/TBV8qnVXLm","expanded_url":"http:\/\/themeforest.net\/user\/sindevothemes","display_url":"themeforest.net\/user\/sindevoth\u2026","indices":[0,23]}]},"description":{"urls":[]}},"protected":false,"followers_count":42,"friends_count":20,"listed_count":3,"created_at":"Tue Nov 01 10:40:37 +0000 2011","favourites_count":0,"utc_offset":7200,"time_zone":"Bucharest","geo_enabled":false,"verified":false,"statuses_count":35,"lang":"en","contributors_enabled":false,"is_translator":false,"is_translation_enabled":false,"profile_background_color":"000000","profile_background_image_url":"http:\/\/abs.twimg.com\/images\/themes\/theme1\/bg.png","profile_background_image_url_https":"https:\/\/abs.twimg.com\/images\/themes\/theme1\/bg.png","profile_background_tile":false,"profile_image_url":"http:\/\/pbs.twimg.com\/profile_images\/678915690095448064\/wIujut-T_normal.png","profile_image_url_https":"https:\/\/pbs.twimg.com\/profile_images\/678915690095448064\/wIujut-T_normal.png","profile_link_color":"89C9FA","profile_sidebar_border_color":"000000","profile_sidebar_fill_color":"000000","profile_text_color":"000000","profile_use_background_image":false,"has_extended_profile":false,"default_profile":false,"default_profile_image":false,"following":false,"follow_request_sent":false,"notifications":false,"translator_type":"none"},"geo":null,"coordinates":null,"place":null,"contributors":null,"is_quote_status":false,"retweet_count":0,"favorite_count":0,"favorited":false,"retweeted":false,"lang":"en"},{"created_at":"Mon Nov 03 18:50:03 +0000 2014","id":529344775187881984,"id_str":"529344775187881984","text":"@tristanschaub Hi, Beauty Center includes 5 color schemes. And options to change any color. For other question please use our profile page.","truncated":false,"entities":{"hashtags":[],"symbols":[],"user_mentions":[{"screen_name":"tristanschaub","name":"Tristan Schaub","id":386611818,"id_str":"386611818","indices":[0,14]}],"urls":[]},"source":"\u003ca href=\"http:\/\/twitter.com\" rel=\"nofollow\"\u003eTwitter Web Client\u003c\/a\u003e","in_reply_to_status_id":509452926587121664,"in_reply_to_status_id_str":"509452926587121664","in_reply_to_user_id":386611818,"in_reply_to_user_id_str":"386611818","in_reply_to_screen_name":"tristanschaub","user":{"id":402624552,"id_str":"402624552","name":"SindevoThemes","screen_name":"SindevoThemes","location":"","description":"","url":"https:\/\/t.co\/TBV8qnVXLm","entities":{"url":{"urls":[{"url":"https:\/\/t.co\/TBV8qnVXLm","expanded_url":"http:\/\/themeforest.net\/user\/sindevothemes","display_url":"themeforest.net\/user\/sindevoth\u2026","indices":[0,23]}]},"description":{"urls":[]}},"protected":false,"followers_count":42,"friends_count":20,"listed_count":3,"created_at":"Tue Nov 01 10:40:37 +0000 2011","favourites_count":0,"utc_offset":7200,"time_zone":"Bucharest","geo_enabled":false,"verified":false,"statuses_count":35,"lang":"en","contributors_enabled":false,"is_translator":false,"is_translation_enabled":false,"profile_background_color":"000000","profile_background_image_url":"http:\/\/abs.twimg.com\/images\/themes\/theme1\/bg.png","profile_background_image_url_https":"https:\/\/abs.twimg.com\/images\/themes\/theme1\/bg.png","profile_background_tile":false,"profile_image_url":"http:\/\/pbs.twimg.com\/profile_images\/678915690095448064\/wIujut-T_normal.png","profile_image_url_https":"https:\/\/pbs.twimg.com\/profile_images\/678915690095448064\/wIujut-T_normal.png","profile_link_color":"89C9FA","profile_sidebar_border_color":"000000","profile_sidebar_fill_color":"000000","profile_text_color":"000000","profile_use_background_image":false,"has_extended_profile":false,"default_profile":false,"default_profile_image":false,"following":false,"follow_request_sent":false,"notifications":false,"translator_type":"none"},"geo":null,"coordinates":null,"place":null,"contributors":null,"is_quote_status":false,"retweet_count":0,"favorite_count":0,"favorited":false,"retweeted":false,"lang":"en"},{"created_at":"Sun May 04 12:18:12 +0000 2014","id":462929181027074048,"id_str":"462929181027074048","text":"@bluestreak101 Just drop us an email on our themeforest profile page with your demo url and we will look at it.","truncated":false,"entities":{"hashtags":[],"symbols":[],"user_mentions":[],"urls":[]},"source":"\u003ca href=\"http:\/\/twitter.com\" rel=\"nofollow\"\u003eTwitter Web Client\u003c\/a\u003e","in_reply_to_status_id":461052616143687680,"in_reply_to_status_id_str":"461052616143687680","in_reply_to_user_id":15762150,"in_reply_to_user_id_str":"15762150","in_reply_to_screen_name":"w_o_collins","user":{"id":402624552,"id_str":"402624552","name":"SindevoThemes","screen_name":"SindevoThemes","location":"","description":"","url":"https:\/\/t.co\/TBV8qnVXLm","entities":{"url":{"urls":[{"url":"https:\/\/t.co\/TBV8qnVXLm","expanded_url":"http:\/\/themeforest.net\/user\/sindevothemes","display_url":"themeforest.net\/user\/sindevoth\u2026","indices":[0,23]}]},"description":{"urls":[]}},"protected":false,"followers_count":42,"friends_count":20,"listed_count":3,"created_at":"Tue Nov 01 10:40:37 +0000 2011","favourites_count":0,"utc_offset":7200,"time_zone":"Bucharest","geo_enabled":false,"verified":false,"statuses_count":35,"lang":"en","contributors_enabled":false,"is_translator":false,"is_translation_enabled":false,"profile_background_color":"000000","profile_background_image_url":"http:\/\/abs.twimg.com\/images\/themes\/theme1\/bg.png","profile_background_image_url_https":"https:\/\/abs.twimg.com\/images\/themes\/theme1\/bg.png","profile_background_tile":false,"profile_image_url":"http:\/\/pbs.twimg.com\/profile_images\/678915690095448064\/wIujut-T_normal.png","profile_image_url_https":"https:\/\/pbs.twimg.com\/profile_images\/678915690095448064\/wIujut-T_normal.png","profile_link_color":"89C9FA","profile_sidebar_border_color":"000000","profile_sidebar_fill_color":"000000","profile_text_color":"000000","profile_use_background_image":false,"has_extended_profile":false,"default_profile":false,"default_profile_image":false,"following":false,"follow_request_sent":false,"notifications":false,"translator_type":"none"},"geo":null,"coordinates":null,"place":null,"contributors":null,"is_quote_status":false,"retweet_count":0,"favorite_count":0,"favorited":false,"retweeted":false,"lang":"en"}]